TweetID,LangID,TopicID,HateLabel,TweetText
1344794359233998850,1,1,0,"You know maybe doing a â€œchallengeâ€ where I drink shots whenever I die Iâ€™m The last of us 2 when I die probably wasnâ€™t smart.

Happy new gay year yâ€™all"
1344794162625916935,1,1,0,RT @thehill: Black transgender woman found dead on Christmas Day https://t.co/hTvmF0Utza https://t.co/JQyMSRTnvW
1344794094837637121,1,1,0,N/A
1344790842117140483,1,1,0,"Guest Co Host: Men Like Us Podcast
#StopTheHate #StopTheKilling #BrooklynDeShauna #SaraBlackwood #ColdCases #Awareness #TransLivesMatter #LGBTQ #podcasts #Anchor #PodernFamily
https://t.co/7tLy5FK3Z3"
1344788907360190465,1,1,0,ğŸ‘ Congratulations @AyodejiOsowobi @StandtoEndRape initiative for winning #GCPrize 2020 Nigeria's Hero Award. You deserve this recognition for providing mental health support and safe spaces for survivors of gender-based violence. Keep it up! ğŸŒ https://t.co/fi7wE7RUPq
1344788699549200388,1,1,0,Black transgender woman found dead on Christmas Day https://t.co/gegCk0jFGx https://t.co/M2CC8l25iR
1344788434267869192,1,1,0,"A transgender woman was found dead on a Chicago street on Christmas Day, becoming one of at least 43 transgender or non-conforming people who have been slain this year, the Human Rights Commission says. https://t.co/gra50RitBJ"
1344787901180211201,1,1,0,N/A
1344787899292651520,1,1,0,when I first found out the gender of my baby I did a blood test at 8 weeks and I got my results that said ITS A BOY!!! I was so excited then refreshed my email and they said â€œOOPS WEâ€™RE SORRY WE MEANT ITâ€™S A GIRL!!â€ Lmaoooo I was still so happy but damn ğŸ˜‚ğŸ¥´
1344786022026997760,1,0,2,N/A
1344784810066259968,1,1,2,bitches who name themselves ramona after that little gay pilgrim movie should go to hell btw
1344782924802117634,1,1,1,"Now that 2020 is pretty much going to be behind us, could we leave some other things behind in 2020 like the use of the following words in a derogatory manner?:

-Gay
-Retard(ed)
-AIDS
-Cancer
-Rape

Shit is dumb and we can do better. Fuck you if you think theyâ€™re just words."
1344782349834178560,1,1,0,N/A
1344780642383441920,1,1,0,"When Max and Jeremy buy an antique radio, they get more than just a conversation piece. On talk show Second Chance, fans can finally make peace--with the dead.

https://t.co/0Kw86mg9tk
#LGBTQ #UrbanFantasy #Supernatural #WolfPackAuthors https://t.co/CX9wutp4yf"
1344780178363277313,1,1,0,"canâ€™t wait for the day, i can get up and not have a gender dysphoria induced panic attack EVERY SINGLE TIME i get dressed"
1344780000566898690,1,1,1,The government made 3.2M+ unemployed and destroyed many people's life and livelihood but at least they gave you $1800 over the span of a year which came from a bill that was 3/4 foreign aid including the funding of fucking gender studies in Pakistan.
1344779953187991555,1,1,2,N/A
1344778928825786368,1,1,2,I ain't talking gay bash but I kill you faggots
1344777615500922880,1,1,0,whenever i try to talk to my mom about gender inclusivity she takes it as a personal attack like maâ€™am hello? nah im just tryna answer a question you asked....?
1344777393802604544,1,1,0,"A Black gay man was slashed &amp; left for dead by strangers. He spent the holidays in the hospital.

Anthony Crumbley lost use of his arm, fell into a coma, and spent his birthday in the hospital because three strangers sliced his neck. Now he's terrified to go home."
1344775972340563970,1,1,0,N/A
1344775850210848768,1,1,0,spent last nye with watching cql and then i ended up reading a bunch of danmei in 2020......if i spend this nye watching sfh will that manifest gay serial killer shows for 2021 https://t.co/qnOdOYHe4D
1344775796959965184,1,1,0,"Happy new year gays, gals and nonbinary pals!!
Me and Aniki almost shot a small rocket through our parent's bedroom window so 2021 has started out in style!"
1344775246105227265,1,1,1,N/A
1344774416417357824,1,1,1,N/A
1344774380618981379,1,1,0,ok this one is dedicated to beth specifically bc iâ€™m gay ğŸ¤  who knew twt would end up being a better dating app than tinder?? iâ€™m so glad i met you and we got to go on some of the Best dates (even if i nearly killed you ..) ur a real life angel and u deserve all the happiness ğŸ’—
1344774042977402880,1,1,0,""" you cÉ‘ll it revenge,
                                     ğ™„ ğ™˜ğ™–ğ™¡ğ™¡ ğ™ğ™© ğ™§ğ™šğ™©ğ™ªğ™§ğ™£ğ™ğ™£ğ™œ ğ™©ğ™ğ™š ğ™›ğ™–ğ™«ğ™¤ğ™§ ""

Ã— Iliterate and semi-lit

Ã— Multiship! [Main muse is lesbian]

Ã— More information below!

â™¡ or â†º ? https://t.co/TBWvdRL81E"
1344773081584300033,1,1,0,N/A
1344772051542958085,1,1,0,N/A
1344769770869186561,1,1,0,N/A
1344769584231022593,1,1,0,"As per the president's request: those that we lost to:
- Covid-19
- Gender based violence and femicide
- Depression
- HIV/AIDS
- Cancer
- Accidents
- Any other causes

ğŸ•¯ï¸ğŸ•¯ï¸ğŸ•¯ï¸ğŸ•¯ï¸ğŸ•¯ï¸ğŸ•¯ï¸ğŸ•¯ï¸ğŸ•¯ï¸ğŸ•¯ï¸ğŸ•¯ï¸ğŸ•¯ï¸ğŸ•¯ï¸ğŸ•¯ï¸ğŸ•¯ï¸ğŸ•¯ï¸ğŸ•¯ï¸ğŸ•¯ï¸ğŸ•¯ï¸ğŸ•¯ï¸ğŸ•¯ï¸ğŸ•¯ï¸ğŸ•¯ï¸ğŸ•¯ï¸ğŸ•¯ï¸ğŸ•¯ï¸ğŸ•¯ï¸ğŸ•¯ï¸ğŸ•¯ï¸ğŸ•¯ï¸ğŸ•¯ï¸ğŸ•¯ï¸ğŸ•¯ï¸ğŸ•¯ï¸ğŸ•¯ï¸ğŸ•¯ï¸ ğŸ•¯ï¸ ğŸ•¯ï¸ ğŸ•¯ï¸ ğŸ•¯ï¸ ğŸ•¯ï¸ ğŸ•¯ï¸ ğŸ•¯ï¸ ğŸ•¯ï¸ ğŸ•¯ï¸ ğŸ•¯ï¸ ğŸ•¯ï¸ ğŸ•¯ï¸ ğŸ•¯ï¸"
1344768874202374145,1,1,0,N/A
1344767632365527045,1,1,2,"when we say kill all men , never are we talking about men of the LGBTQ+ community."
1344767575478177792,1,1,0,Cant wait to tell my grandkids how I got to witness the 2020 gay civil war that played out entirely on social media.
1344766969279635467,1,1,1,N/A
1344766139126206466,1,1,0,N/A
1344763028735197191,1,1,0,FDA considers lifting restrictions on blood donations by gay and bi men https://t.co/qB1nm1LX6a by @NBCNews https://t.co/dz1zg40HIA
1344762022983041027,1,1,1,"I have a lot of ride-or-die friends and colleagues named Karen. So let's come up with a more appropriate name for spoiled dumb-asses. I nominate the gender neutral ""clueless dumb ass"" as the new name for these idiots. https://t.co/J5HbbRqPR1"
1344761075821142017,1,1,0,"i was going to my favorite coffee shop and i was stopped by jesus people!! they had a sign about â€œbad thingsâ€ like lgbt people and witchcraft, and wouldnâ€™t leave me alone and then asked me â€œif you died today, do you think youâ€™d go to heaven?â€ ughhh!! just leave me alone"
1344760211295244289,1,1,2,"1/ Ohhhhhh people told me names like turd baster to call creepy gays if they try to attack me. Hmm i dunno i think it would make it worse. Ohh ok they're doing like in dirty grandpa, trying to get the ""retard"" raped and killed cuz those creeps don't like witnesses. Remember Jude"
1344760103266779136,1,1,0,A 17-year-old suffered a torn ligament after three people assaulted him and yelled #homophobic slurs in a Bronx playground. NYPD is investigating it as a #hatecrime assault. No suspects have been identified. https://t.co/qYQRWLM2SM #LGBTQ
1344758746073817088,1,1,0,"1/ Tim Falsone seemed to have started problems with me since childhood or were people working on him like gay prison guards or cops cuz some rape and look at the bbs types and them, at least one being related to Davis jail guards. Makes me wonder about the statistic that 60% of"
1344757912858578944,1,1,0,"YEEHAW GIRLS, GAYS, AND THEYS!! solo stream today so weâ€™ll be playing #DeadbyDaylight killer since itâ€™s been so long! weâ€™re on our road to 450(and 500 ğŸ‘ğŸ‘„ğŸ‘) so iâ€™d love to chat and hang with yâ€™all! #queerstreamer #twitchaffiliate #streaming

https://t.co/h8JdVD8IfM https://t.co/q01QcXwshT"
1344757747003355137,1,1,0,"Ruth Bader Ginsburg, a tireless advocate for gender equality, died of complications related to pancreatic cancer at the age of 87.

Only the second woman to serve on the Supreme Court, her influence went far beyond gender cases. https://t.co/1KJWY704UF https://t.co/AOEf2lgMCn"
1344756968007806978,1,1,0,Tiffany â€˜New Yorkâ€™ Pollard fires revolting â€˜transphobicâ€™ attack at reality TV contestant https://t.co/TzyKalasUx
1344754477648195584,1,1,2,"The Boughetto Gays kill me. ğŸ˜‚

Nigga you from the suburbs shut the fuck up!"
1344754165797404672,1,1,0,"Two more transgender or gender-nonconforming Americans have died by violence in December, bringing the total of such deaths to at least 43 in 2020. https://t.co/zDxiw9D1U2"
1344753716927324160,1,1,0,"After a bad hookup with a gay wizard, a snatched Cavetown stan investigates the murder of a narcissistic pop icon"
1344752704560771075,1,1,0,N/A
1344752574558298113,1,1,0,The anxiety of waiting 7 more hours to find out the gender of our baby will most likely kill me.
1344745763037966337,1,1,2,N/A
1344745501468614657,1,1,0,Feminist speaker Julie Bindel 'attacked by transgender person' at Edinburgh University after talk https://t.co/xqOHDH6a6W
1344745451933769729,1,1,0,"Episode 35: Big Thank You 30 Days Our Story Project. Thomas drops his last bit of knowledge for 2020.  The new year workshop, male gender socialization and abuse, and a plea to make that change. He's already working on another big project for 2021. https://t.co/WXXrXwDSiz"
1344744710452121602,1,1,0,"This week we learned that one of our clients, Alexandria Winchester, a young transgender woman of color, was murdered on the streets of our city. The details about her murder are still emerging, and it is believed she knew her murderer. (1/3) https://t.co/tW6BRkTzgX"
1344743768616943616,1,1,0,"The instagram wall died but in its place has risen the instagram igloo ğŸ™

#pso2 #pso2na #ship1 #bara #newman #pso2_ss #pso2fashion #pso2ã‚³ãƒ¼ãƒ‡ #pso2_ship1 #gay #gaybear #gayboy https://t.co/5mS1uPXLXW"
1344743695925432320,1,1,0,Taxpayers funding transgender surgery for Wisconsin man who raped hisÂ daughter https://t.co/jGnTd3LosF
1344742853746937857,1,1,2,if a straight girl shot me i owuld run over to where she is and kiss her on the hand and kill her because shes not specialized in gay fight
1344742544517656576,1,1,0,"protection for our undocumented immigrants, 2k stimulus checks, living wage, affordable healthcare, ending climate change, holding cops accountable, legalizing weed, freeing prisoners, LGBTQ rights, gun control, were all passed in the House from '18 -'20

ALL BLOCKED BY #Mitch"
1344742233271111682,1,1,2,you niggas is gay killing females!!
1344742183262429184,1,1,1,N/A
1344740249205936128,1,1,0,"Lindsey Vonn is the greatest downhill ski racer ever of any gender. That's not my hill to die on, that's everyone else's hill to lose on."
1344739731775442944,1,1,0,N/A
1344738632796553216,1,1,0,"Just finished this AMAZING book! Loved every page. Itâ€™s got everything: blood, mermaids, queer ladies...
#books #BookRecommendation https://t.co/LZVwYkNGRi"
1344738213986910208,1,1,0,"Paper Bullets: Two Artists Who Risked Their Lives to Defy the Nazis | In the midst of occupied Paris during World War II, two women took a bold step: creating their own subversive anti-Nazi campaign. Claude Cahun and Marcel Moore â€” were lesbian partners... https://t.co/91bnZ242q9"
1344737404603817990,1,1,0,Transgender woman shot dead on Christmas Day in suspected hate crime. She was misgendered by police in her death https://t.co/B8EDmnmin5
1344736648144318474,1,1,1,Tired of seeing these gender war tweets on the TL. All yâ€™all do is make broad generalizations with no context whatsoever. Then you have these clowns that agree blindly without giving it a second thought.
1344734802163818496,1,0,2,"I tire of people saying funding for schools can solve the problem of poor people voting republican. No amount of schooling will fix people raised to believe liberals are evil monsters who want to steal guns, ban religion, kill babies, turn kids gay, &amp; give your job to a Mexican."
1344734552573550595,1,1,2,N/A
1344733920714227712,1,1,0,"What's meaning of hero
When you do anything to protect innocent people
Regardless of what is their national or age or gender
From terrorism
You are hero like general soleimani
#HERO
#Ø¨Ø±Ø§ÛŒ_Ø³Ø±Ø¨Ø§Ø²"
1344733677914370050,1,1,0,my new years resolution is to be transgender and  not die
1344732899170516992,1,1,2,"Happy New Year! Jo March was a lesbian, Real Love is Real, I still dislike KStew, Ammonite is the best movie of 2020, Trump will die in jail, Kamala should be my Auntie, I love my Cochinas, do not take the reviews on Letterboxd seriously, Goldfrapp is underrated, call your mom ğŸ‰"
1344732891901616128,1,1,0,"Transgender woman found dead in Christmas day slaying in Chicago, advocacy group says

https://t.co/yDwwKTbaIh"
1344732863065821184,1,1,0,N/A
1344732668483801088,1,1,0,"Formerly Darkslime (changed my username), now a transgender woman, still good old me. (I haven't come out on Twitter, have I? My sister convinced me to give it another shot. XD)"
1344731317586505728,1,1,0,Magical musician Murder LaVoe is tired of running. SheÂ’s been running for nearly 500 years. https://t.co/opIgR9jtYR #AltHistory #tudor #fantasy #LGBT @Blink_Drive
1344730322051735553,1,1,0,N/A
1344730103968911362,1,1,2,This guy thinks girls hate men because they broke up with them. Men have no fucking brains not a fucking tissue in their thick ass fucking skulls and we say black lgbt lives matter because black trans woman are being killed by their own community https://t.co/5ynwPNUdvh
1344729648459034625,1,1,1,Every fucking video on the â€œIâ€™m Stan and I was wrong Iâ€™m singing the Stan wrong songâ€ is about people taking down their bi flags and putting up a lesbian flag and Makes me want to die every single time I see one https://t.co/PhMddXmKuV
1344729510068031495,1,0,0,The Very First Limiting Belief I Destroyed: Homophobia by @MyriamBenSalem https://t.co/Ico9bfhdFY
1344729048719781888,1,0,0,"Individualized are victimized by #HateCrimes for a variety of reasons, including sexual orientation, race, religion, gender identity and more. Everyone should protect themselves with a #PersonalAlarm to reduce the risks of being injured during one of these crimes. https://t.co/z16HZgn2mF"
1344727525134655489,1,1,0,N/A
1344727475306311680,1,1,2,N/A
1344727383555919872,1,1,0,"I loved this line from Rudy Gay today on Spurs assistant Becky Hammon, who he is extremely close with:

""I look forward to the day where none of this is news, just people accomplishing things and everybody having a chance and everybody having a shot at the same thing."""
1344727382368919552,1,1,2,Iâ€™d never kick it with another lesbian couple. Bitches are dead ass retards chile.
1344725287582404609,1,1,0,"ğŸ–‹ Sign â€œLift Restrictions on Gay Men Donating Bloodâ€ and Iâ€™ll deliver a copy to your officials: https://t.co/murcUrLIvS

ğŸ“¨ No. 8 is from Jasmine to @SenatorBennet, @RepDianaDeGette and @SenCoryGardner #CO01 #COpolitics #WontBeErased https://t.co/NjvP1zy6W2"
1344721707500621824,1,1,1,"â€œiâ€™m a lesbian srryâ€
â€œdamn :/ dat sucksâ€ fasjdgdh kill me"
1344721603725307906,1,1,0,"So, i tried to see how I look if I change the gender of My #DemonHunter, then I will looks like this.

Blood Elf version of #IllidanStormrage!
#Warcraft https://t.co/jPRNozEQpD"
1344716864266645504,1,1,1,Most gay guys are so vain they date someone who looks exactly like them. Iâ€™m single because Marilyn Monroe is dead.
1344716803738660865,1,1,0,"#2021NewYear
Wishing to wake up to the first day of new year that people are not killing each other anymore. I hope in 2021, we don't see any gender inequality, domestic violence and child abuse. Wish to have a year that animal rights and green are protected. #HappyNewYear"
1344715542746329090,1,1,0,N/A
1344714964888596482,1,1,0,"Book - Women as War Criminals: Gender, Agency, and Justice https://t.co/Y3R6JAFKYA HT @ISteflja @triskodarden @stanfordpress"
1344713729082941440,1,1,2,"1/ The crazy thing? You hate people who hate gays but you're fine with rappers saying faggots and fags and killing, saying prison and other rape shit and abusing women and killing witnesses and killing cops. Hmm and did you know that gangs and cartels and more, traffic children"
1344711402632654850,1,1,0,"One more shot in front of the Xmas tree
#gaybooty #gayxmas #blkgay #gay https://t.co/b2jlDuVhIy"
1344709783136321536,1,1,1,N/A
1344709092628193288,1,1,0,"Dolores Mantez as Nina Barry
Gabrielle Drake as Lt. Gay Ellis
Harry Baird as Lt. Mark Bradley
ğŸ“º
#UFOseries
""Kill Straker!""
Directed by Alan Perry
Executive production by Gerry Anderson
Episode aired 4 November 1970 https://t.co/Ss0zKBfCcz"
1344709019865403394,1,1,1,"heteronormativity is killing my people. how someone expresses their gender or sexuality has nothing to do with you, stop trying to make people conform to gender roles 24/7 or at all. thereâ€™s no rule book to this shit. no one is less gay or trans depending on what they wear/like."
1344707529213792256,1,1,0,WATCH: Video previews Surrey-shot film to focus on â€˜taboo topicâ€™ of being gay/lesbian South Asian https://t.co/0bi1a4OwJH
1344707261155962880,1,1,0,"At last I awake, very queer about the head, as from a giddy sleep, and see the butcher walking off, congratulated by the two other butchers"
1344706877217792005,1,1,0,Men and women donâ€™t have to solve their problems the same way. Itâ€™s just a big gender war on here these days.
1344706773245038592,1,1,0,WATCH: Video previews #SurreyBC-shot film to focus on â€˜taboo topicâ€™ of being gay/lesbian South Asian https://t.co/FuHVHnwRI6
1344704720267575301,1,1,0,"No Apologies.
No Censor.
Setting the Record Straight.
~ Emil Jersey

Blood Sex and Violence, A Vampire's Rebuttal
from @ RunRabbitBooks.

#FREE on #KindleUnlimited.

fantasy fiction vampires LGBTQ
ASMSG IARTG Kindle books ebooks
https://t.co/Q2YomNhSRK https://t.co/QMMWTwGAUZ"
1344703368510533633,1,1,0,"Thereâ€™s nothing a gay canâ€™t do with an iced coffee in their hand.

....except give blood."
1344701962730684425,1,1,2,N/A
1344700345025400833,1,1,0,Queer teenager pelted with tin cans and vile homophobic abuse in vicious attack https://t.co/NEtl0xXn3F
1344700338805174272,1,1,2,"Then the Democrats cheated the vote, The new USSR. United States Socialist Republic is born.
Do this country a favor and put a gun to your head.
Our forefathers are rolling in their graves. All because of the gay Democrats."
1344699448191037442,1,1,1,N/A
1344699438502039553,1,1,1,Iâ€™m not gonna RT the video bc itâ€™s unnecessarily cruel and really triggering but damn Tiffany Pollard being a transphobe when sheâ€™s supported gay people actually fuckin hurts more
1344698852121710592,1,1,0,"Things we dont need to bring into 2021:
- Racism
- Homophobia
- Xenophobia
- Sexism
- Islamophobia
- Terrorism
- Nepotism
- Bullying
- Arrogance
- Egotism
- Chelsea/Liverpool
- Transphobia
- Sexual assault/harassment
- Self-Entitlement

Happy New year everyone cheers ğŸ¤˜ğŸ¾"
1344697465308655621,1,1,0,"If you have been affected by domestic abuse, help is here now. #YouAreNotAlone - Anyone can be affected, regardless of age, gender or background.
Services want to hear from you and are ready to listen and help. Local contact details are at https://t.co/KRrmfQx0oN https://t.co/kG3naqS290"
1344697414154924035,1,1,0,"On @SilentVoices_ with @NanjiNandang the end of year 2020 and Nigeria has witnessed a scourge in Sexual &amp;Gender-based Violence ranging from domestic violence,child abuse,human trafficking,sodomy,rape, and other related cases
Tell me the story that struck you the most this year
ğŸ§µ https://t.co/gAmcocJGpK"
1344695991237304327,1,1,0,"Fellow LGBTQ+ peeps, how do we feel about the term ""alphabet mafia"" to describe our community? Personally, I think it's charming. It implies a little shady secretiveness, some strong familial bonds we share, a potential to wage war, etc. I like it, but LMK what you think."
1344694406180438017,1,1,0,"Featured Art of the Day: ""A Gender War Odyssey"". Buy it at: https://t.co/m5wUxwqyFQ https://t.co/RrEok3i03X"
1344693737369157634,1,1,1,N/A
1344693641995030528,1,1,0,"#HappyNewYear to our gorgeous readers! Our intergalactic January issue comes fully loaded with provocative features, juicy #LGBTQ news, all topped off with a cover shot of #Brighton Barbarella @DavinaSparkle taken by the lovely @NickFordPhoto. Strap in&gt;&gt;https://t.co/IsWQEpO3jN. https://t.co/M5rbzbBRbS"
1344691904210984961,1,1,2,N/A
1344691013567148032,1,1,2,N/A
1344690884932210689,1,1,0,"The EFF Gender-Based Violence Desk has been at the forefront of the war against Gender-Based Violence, embarking on mass action across the country and courts, to ensure that courts are not lenient towards perpetrators of violence. #BestOfEFF2020 https://t.co/TfsyRXwxPJ"
1344690603645255681,1,1,0,N/A
1344690163230896130,1,1,0,"Anthony Crumbley was stabbed in #Boston because of his #femme appearance; #LGBTQ #AfricanAmericans are vulnerable to #discrimination, #harassment, #abuse &amp; #violence because of their actual or perceived #genderidentity and/or #genderexpression...

https://t.co/OKNNYL0ZCm"
1344689874771849220,1,1,2,You either die a straight person or live enough to see yourself become a gay friend
1344689776322961410,1,1,0,"Marcus D'Amico, Who Originated Role Of Michael Tolliver On 'Tales Of The City,' Dead At 55 https://t.co/95nZ6YcVII #lgbt #talesofthecity #RIP https://t.co/1jETtgc65F"
1344689167981187080,1,1,0,"Trans Woman in Chicago Fatally Shot Christmas Day (Gay City News)

Sign up for our COVID-19 newsletter to stay up-to-date on the latest coronavirus news throughout ...

Add your highlights:
https://t.co/dKbDa3KECD..."
1344689142358163456,1,1,0,"Playing the Lute and Committing Pretty Murder (Gay City News)

Sign up for our COVID-19 newsletter to stay up-to-date on the latest coronavirus news throughout ...

Add your highlights:
https://t.co/GY59d754Sy..."
1344687152651759619,1,1,2,N/A
1344687115276345344,1,1,0,"""even during a global pandemic the lives of transgender people are in danger..I think this is an opportunity for everyone to question their relationships to gender and policing peopleâ€™s gender in public.â€ Think of the trans while a-washing your hands https://t.co/ZqVNk91zzy"
1344685559340478464,1,1,0,N/A
1344684213426122752,1,1,1,"The level of religious hypocrisy in that Kaduna Sex Party drama is so high. This same Kaduna that has prostitution, child abuse and gay activities!? Anyways this is just scapegoatism."
1344683866158735361,1,1,0,"""LGBTQI people are still being persecuted, tortured and even killed because of sodomy lawsâ€¦ that were put in place by British imperialists.""
- Lady Phyll â¤ï¸ğŸ™
 https://t.co/IufAx41GWI"
1344683514730577923,1,1,0,"Start off the New Year by taking care of your heart! There many factors such as age, gender, family history, high blood pressure, diabetes and smoking, that play a part in early detection and prevention of heart disease. Visit: https://t.co/8p7yNqHnyY https://t.co/iW0Ia7v2G0"
1344683426104963073,1,1,0,"The @US_FDA is funding a pilot study that could finally lead to the end of the blood donation ban targeting men who have sex with men. https://t.co/2TctCgz9lO
@bradhoylman @RepBrianHiggins @RepJoseSerrano @RepJudyChu"
1344683015138496514,1,1,0,"Tw: // assault

Last night someone assaulted me, made me bleed a little because he used full force to try and take my money. I fought back and took whatâ€™s mine and left. The entire time I was being invasively questioned about my gender &amp; sex."
1344682475096825857,1,1,2,N/A
1344681472351821824,1,1,0,"ğŸ–‹ Sign â€œLift Restrictions on Gay Men Donating Bloodâ€ and Iâ€™ll deliver a copy to your officials: https://t.co/murcUrLIvS

ğŸ“¨ No. 5 is from Natalie to @BillCassidy, @RepGarretGraves and @SenJohnKennedy #LA06 #LApol #WontBeErased https://t.co/o2h00zkStd"
1344681043987628032,1,1,0,"ğŸ“ˆ â€œLift Restrictions on Gay Men Donating Bloodâ€ just hit 5 signers!

âœ’ï¸ Sign it to send a copy to your officials: https://t.co/1aR4hHuQag https://t.co/A10b2Kfr3K"
1344680654647275520,1,1,0,"Honestly speaking I'm always gonna stand for gender equality. And put up a fight against all forms of abuse, domestic violence, rape, tribalism/racism.  Join this movement @AmnestyMontreal @AmnestyNigeria https://t.co/1XpqsIWnYg"
1344680107055722497,1,1,0,"Rest in power to every woman, child and LGBTQIA+ person we have lost to gender-based violence in 2020 and the past. We will not forget you. We will keep fighting the femicide. We will keep the energy ğŸ’œ
#KeepTheEnergy #notogenderbasedviolence https://t.co/phDcamzwy9"
1344679626724028417,1,1,0,N/A
1344679129841594369,1,1,0,N/A
1344677820816044037,1,1,0,N/A
1344676924220727298,1,1,0,"Good morning if DOWN COMES THE NIGHT isnâ€™t on your radar for 2021, please fix that
-Enemies to lovers
-Monster LI
-bisexual MC
-Magic
-Murder
-Intense Politics
-Creepy mansion with wacky/mysterious lord"
1344676413228654593,1,1,1,N/A
1344674811621027847,1,1,0,"Many Canadians want to donate blood in Canada, but are banned due to being gay, bi, or trans. @JustinTrudeau said he would end the #BloodBan in 2015, and as of today he *still* hasnâ€™t! I will remind him of his promise every single day until he gets it done! #LGBTQ"
1344674786765647872,1,1,0,"Happy #NewYearsEve! We're counting down your Top 5 most read online news stories of 2020 â€“ and statewide, at No. 1: Black transgender man killed by Tallahassee police in shooting https://t.co/whOgg5nGsQ https://t.co/FrdMv70K9Z"
1344674572713533440,1,1,0,"Transgender Woman Murdered Christmas Day on South Side Was â€œTrying to Better Herselfâ€....

#Pride #WontBeErased #StopTheHate #EqualityAct #NoTransBan
#TransIsBeautiful #TransLivesMatter #DefyTheName #LoveIsLove
https://t.co/SM6nISbrDx"
1344674286498361344,1,1,0,"I love how. Most of the time, my mind is like, that one, the horrible person, the mass murderer, the war criminal, that one deserves your love. That one should be your favorite.

And then my OTP is always some gay non-canon ship that includes the said character. https://t.co/0xjiCJaniC"
1344673522724044802,1,1,0,Aizawa gave Shinso detention because he attacked Todoroki for 'being gay'
1344673060247494656,1,1,0,N/A
1344671942750584832,1,1,0,N/A
1344671113759100929,1,1,0,I would like to thank 2020 for bringing bisexual queen/husband-murderer Dame Carole Baskin into our lives
1344670901845909504,1,1,0,"This year has reaffirmed that queer and trans liberation is inextricable from the liberation of all marginalized people.
https://t.co/tHJzIZWyRX"
1344670574874750976,1,1,0,"Everyone all of sudden learned to do credit repairğŸ™„...Everyone scamming &amp; fronting off unemployment moneyğŸ¤¦ğŸ½â€â™‚ï¸ğŸ˜´Females marrying ğŸ’ bisexual men and acting as if sheâ€™s not aware, cause she's bisexual too... People still killing each other &amp; the ğŸ‘®â€â™‚ï¸ still can't solve murders."
1344670545636454401,1,1,0,"Russia Prosecutor General, investigate mass murder and torture of #LGBT people in #Chechnya - Sign the Petition! https://t.co/yZX0hs8F1K via @Change"
1344670111790211075,1,1,0,"â€œHe mixed drugs in my drinks &amp; raped me inside car suspecting i was to expose his dirty gay actsâ€ - Canary Mugume  Mugumeâ€™s ex-girlfriend Leak his dark secrets (Screenshots) @CanaryMugume @CherryGisha
https://t.co/uHLSh7INl6"
1344667479969247243,1,1,1,N/A
1343613049836613633,1,1,0,"""The T utilizes the current structure of victimhood culture to its fullest, is against anyone who does not identify as LGBT. More specifically, the transgender movement publicly shames, LGB individuals who adhere to a sex-based definition of their group"" https://t.co/xQQ8bs51EP"
1343612223139282945,1,1,0,N/A
1343612074988105730,1,1,1,N/A
1343611126131654658,1,1,0,"three cheers for sweet revenge spoilers //
.
.
.
.
.
.
IM GAY NOW??????"
1343610755497811970,1,1,0,Police are searching for suspects after the Dec. 18 stabbing. https://t.co/eiKCGU5FwN
1343609891114659842,1,1,1,"Bitches be like ""i hate men"" then dedicate their whole life to dead gay poets"
1343609700038955020,1,1,0,N/A
1343609555352227840,1,1,0,South Boston Stabbing Victim Believes Attack Had To Do With 'Gay Hate'  https://t.co/5Ffr4YUtBE
1343609471440982016,1,1,1,"things that should die
1. starting shit for attention
2. telling kids their opinions/beliefs aren't valid
3. homophobia
4. The Grinch Musical
5. saying that your friend's problems don't matter because you think you have it worse, stg just fucking be there for each other, idiots."
1343609156490543104,1,1,2,what the fuck is Gender bitch ill fucking kill u
1343609064031461379,1,1,0,N/A
1343608734623346689,1,1,0,"If one wished for an example of how little information some require before zealously affirming the supposed gender of a person they have never met and the willingness of same to promote violence, hurl abuse, and vilify people, the responses to my tweet re me &amp; my son are useful."
1343608230644244481,1,1,0,Is Done dead Noir a gatekeeper and gay because Fea has no morals
1343606890639618050,1,1,0,N/A
1343606634954674177,1,1,0,N/A
1343606401034293248,1,1,0,N/A
1343606199514705920,1,1,0,"So this is what @nydems are going to do with their super majority! After another teenager was just shot, they will remove another deterrent to commit violent crime&amp; murder. I wonder @bradhoylman how does this work with hate crimes against the LGBTQ community you claim to protect https://t.co/Lq8wL0Dkun"
1343605544188313607,1,1,0,Opened my window at the Starbucks drive through to pay and I was blasting Murder on the Dancefloor at full volume...yes Iâ€™m gay
1343605483115065344,1,1,0,"Ladies, theys, and gays, donâ€™t worry even after 6 yrs romance isnâ€™t dead
Mike: you smell good
Me: nah I donâ€™t
Mike: well better than it smelled when I was in the bathroom this morning
....ğŸ™ƒ"
1343605220706758657,1,1,0,N/A
1343604496748974085,1,1,1,N/A
1343603590498316289,1,1,0,Oh man I cannot wait until I get out of work today so I can spend an evening obsessing about the 1959 clash of gays and cops that took place at a Los Angeles donut joint.
1343603499658076160,1,1,0,i hate when GAY people DIE
1343603389226213376,1,1,0,"That was how one man told me the lady in the picture with him is his best friend that just died, whereas na wedding photoshoot.

Is this the gender you want to fight another lady for? GIRL BYEEEEE."
1343603240051617794,1,1,1,N/A
1343602711703531523,1,1,0,"It was brought to the Supreme Court by Aimee Stephens, who died a few months back from complications of kidney failure.

Check all info below:
https://t.co/ddkG8WRGjf

#dataethics #ownyourdata #changetheconversation #tjdoesdata https://t.co/YNfTz8dhEF"
1343602675120812037,1,1,0,N/A
1343601730471292928,1,1,0,"Name: Alex Benedetto

Age: 27

Height: 5â€™5 (167 cm)

Eyes: Blue

Hair: black

Blood Type: O-

Allergies: Marshmallows (lethal if ingested in medium amounts)
Requires Emergency EpiPens

Sexuality: Bisexual (no lean)

Gender: Cis-Female"
1343601673273548802,1,1,0,N/A
1343601016181288963,1,1,0,"before I die doing an analysis of the subtitles, I would like to say that yoongi has what I would qualify as a panicked gay laugh https://t.co/SdmgBb5n9A"
1343600652186955778,1,1,0,"If you want to avoid a ""woke"" therapist, run when you see this ğŸ‘‡

""I am a queer, cis, intersectional, anti-racist, complex trauma specialist who works with folks healing from trauma and psychological abuse. My pronouns are she/her."""
1343600512696864769,1,1,0,"Patient name: vasu s
Age: 29
Gender: male
Blood group: A+
No of units : 1 sdp
Fresh/packets: fresh
Purpose : low platelets
Need by 28th dec 2020
Hospital name/ location :hgc cancer hospital
Contact: 7799852626
@BloodAid"
1343599865138356224,1,1,0,"â€œWe notice that people are talking a lot about social isolation when they call and concerns about being unemployed or underemployed, and then a lot more talk about being in abuse domestic family or intimate partner situations...""- Bri Barnett (TL) https://t.co/zW56JA2ZT5"
1343599735714803713,1,1,1,matt homosexual rage against the machine fashion /mu/ assassin more like in my ass (please) jack black looks like chris ? i wish kurt cobain shot me instead
1343599384693452800,1,1,0,"2 truths and a lie

-my happiness is dependent on a â€œdeadâ€ boyband
-my ex boyfriend turned out gay and told me it took me being a crappy girlfriend to figure it out
-i have more than 10k followers on tik tok"
1343599068535115778,1,1,0,"making sense of Romanism made easy:

""In America, Catholics are inspired to laud [Coney Barrett] whose...confirmation has pitted her style of Catholicism against [Biden]....[US] Bishops tell us Barrett can receive communion, but Biden cannot."" https://t.co/NIqv73oC0l"
1343598710828249089,1,1,0,this is my accomplice he collects all the persona fragments i dont want to. [throws gun @ him] do it bisexual
1343596905847255040,1,1,0,N/A
1343596059793227781,1,1,1,I ainâ€™t trying be disrespectful but gay ppl got to chill on trying shot their shoot at straight men that shit uncomfortable and disrespectful
1343595845011255296,1,1,0,Disgusting! Unbelievable in 2020 we continue to see our LGBTQ brothers and sisters violently attacked. Unacceptable. Please call the authorities with any information regarding this attack. Teen Injured in Violent Anti-LGBTQ Attack in the Bronx https://t.co/XwkT2RT6WG
1343595670838542341,1,1,1,"I can't believe iss desh me aise chutiye hain jo sochte hain gay marriage legalize karne se pedophilia badh jayega. As if....... rape of women and children by heterosexual men wasn't problematic enough, statistically speaking."
1343595623199764480,1,1,0,"""... queer men beefing me here are ppl I rejected in some way, and that is the honest T. Either I didn't follow them back, or respond to their messages or DMS, or tweets or whatever. Then they go from being thirsty to joining any bandwagon that attacks you.""

LMAOO I DON DIE"
1343595404714119168,1,1,0,STRAIGHT FOLLOWERS I am legally redirected from donating blood because I am gay so CAN YOU PLEASE DONATE BLOOD
1343595339920662528,1,1,0,"Here are my favorites I read this year:
*Kim Jiyoung, Born 1982 | Cho Nam-Joo
*Becoming Duchess Goldblatt |@duchessgoldblat
*Your House Will Pay | Steph Cha
*Last Call: A True Story of Love, Lust, and Murder in Queer New York | @elongreen Pre-Order: https://t.co/HRslZ0j7x5

1/?"
1343594899472592901,1,1,0,listening to mika outside of the blood clinic like that wonâ€™t get me clocked as gay &amp; get refused service
1343594651387912194,1,1,2,N/A
1343594512426426370,1,1,0,N/A
1343594331827924992,1,1,0,"#FBI agent AJ Madrigal must stop a killer preying on #LGBT in WeHo.

Read now #KindleUnlimited

https://t.co/0CJu67HXNf"
1343594130807672833,1,1,0,"Heâ€™s cute, heâ€™s also gay and dead! Two things that make him a little unavailable to you, missy!"
1343593398947770369,1,1,1,"*Stabs a huge portion of his credit card debt to death. Stands over the body*

I just killed you with gay furry porn, and it was beautiful.

-Thank you to all my commissioners!"
1343592392448999426,1,1,0,"75-years from the End of World War II...Â Bombing of Hiroshima: The US B29 Superfortress bomber, â€˜Enola Gayâ€™, dropped an atomic bomb on Hiroshima, Japan, 6 August 1945. #Military #Veterans #JohnJayCollege #WWII https://t.co/H5VCSbPSZI"
1343591350340526080,1,1,0,"While rigging the tax code in favor of themselves and the wealthiest amongst us, they distract you with shiny objects like immigration, war on Christmas, transgender individuals serving in the military, Muslim ban, abortions, border wall etc."
1343591086044962817,1,1,0,"New writer, Benjamin Butcher, talks about how he learned more about himself and how to date by doing it frequently.
""Tell a man he has to wear a condom and you will learn all kinds of things about him.""
https://t.co/Ecqud3bOoF #dating #LGBTQ #selfgrowth"
1343591055086788608,1,1,0,"DamianâœŒğŸ¾
JimothyğŸ‘ŒğŸ¾
BombâœŒğŸ¾

Get yours for30k (UGX) apiece
Let's talk about size, colour etc.
Text/call/WhatsApp +256708527276

Teez by BOISTEROUS and LittleBOISTEROUS are NOT gender specific https://t.co/kMUwMH41OI"
1343591030562676736,1,1,2,N/A
1343590674554384398,1,1,0,"An extravagant gay Drow swashbuckler rogue, who would do almost anything to destroy their enemies, fears mountains, &amp; would love to have children one day.
 #dnd #dungeonsanddragons #characters"
1343587943735242753,1,1,0,"Girl or Boy?

Find out your baby's gender months earlier than other methods with the SneakPeek Early Baby Gender Blood Test.  We offer the SneakPeek Test at Ob/Gyn Associates of Alabama! Call to find out how to purchase yours today at 205-271-1600.

https://t.co/gLjzt2FrDh"
1343587815708368898,1,1,0,"We all have a role to play in ending gender-based violence.

By supporting Shelter Movers today, you could help someone break the cycle of abuse. Visit https://t.co/TtSMXezuZx to give.

#IPV #VAW #GBV #abuse #violence #survivors #activism #community #Canada #ShelterMovers https://t.co/Ua1TAg1sQU"
1343587793105276933,1,1,0,"stop rationalizing unethical/immoral behaviour with deficient legislation

the constitution isn't the benchmark for deciding what's right or fair

i'm tired of people quoting nigerian law in conversations on rape/consent/homophobia where the focus isn't policy but principle."
1343587717620363265,1,1,0,N/A
1343587525156352007,1,1,0,"â€œYou have to [call your shot] sometimes,â€ says @Jordan_Blade92. â€œIf you donâ€™t invest in yourself and believe in yourself then who else is going to?â€ https://t.co/wEWP5qg5p5"
1343586704658227202,1,1,0,N/A
1343586689235746816,1,1,0,N/A
1343585293534810113,1,1,0,"But 99% of the problems we face will still be there in 2021

-Climate Change
-Police Brutality
-Billionaires
-Mass Incarceration
-Excessive Military Budgets
-Underrepresentation in positions of power (Womxn, POC, LGBT+, etc)

Weâ€™ve always had these issues, 2020 just exposed them"
1343584323627347968,1,1,0,Iâ€™ve just been learning from mentors to pick your battles. (Sorry yâ€™all just reflective this morning) I have learned over the years the toll that these spaces have had on Black women and Black queer people. I donâ€™t want to die of exhaustion and stress. My mother was that way.
1343583413928947717,1,1,0,N/A
1343582701622853638,1,1,0,"The Oxford Handbook of Gender, War, and the Western World since 1600
Edited by Karen Hagemann, Stefan Dudink, and Sonya O. Rose
https://t.co/CbhTtHBOLz"
1343582510089986048,1,1,0,"Congratulations to Director of Graduate Studies and #UICLAS faculty Ronak Kapadia for winning the 2020 Surveillance Studies Network Book Prize with his book ""Insurgent Aesthetics: Security and the Queer Life of the Forever War""! https://t.co/XUk8Fgvx3F"
1343581801659457546,1,1,0,The other day I was reading about the laws on the LGBT community in Kenya and itâ€™s just sad. Why would you jail someone for 14 years just because he doesnâ€™t subscribe to your line of sexuality or give a woman corrective â€˜rapeâ€™ just because she likes fellow women?
1343581776908869632,1,1,0,Teddy really name her daughter after her dead lesbian lover yes ğŸ˜­ğŸ˜­
1343580474313240576,1,1,0,"Tears of joy as #LGBTQ #asylum seeker battered by police wins fight to stay in #Liverpool. An LGBTQ asylum seeker described tears of joy when a judge said they could stay in Liverpool after fleeing murder, police brutality, discrimination in El Salvador. https://t.co/b2mnuz27BT https://t.co/NEHL70RN7s"
1343580292460802048,1,1,0,This 2 pictures about to ignite a gender war..... I need Vodka &amp; asun please. https://t.co/VK3yEcsbsK
1343579963014983682,1,1,0,"Kaguya-Sama: Love is War! We reminisce about T9 texts, dive into what makes a queer icon, and reveal the true meaning of love!

Listen here: https://t.co/1WsSnDuT1W
Or wherever podcasts are found!

#KaguyaSama #LoveIsWar #KaguyaSamaLoveIsWar #Anime #Podcast #AnimePodcast #anitwt"
1343579820232482818,1,1,0,Looking forward to the day when both genders will constructively have a discussion geared at fixing the shortfalls of each other without the constant gender war/violence.
1343578573257510914,1,1,0,"Holy Innocents"" Day - remembering the murdered children of Bethlehem.
A thought to fundamentalist/RC Christians: I'm sure God is far angrier about kids/adults dying of drought, famine and water-borne disease than LGBTQ &amp; abortion. We can do something about this but often don't."
1343577805569855488,1,1,1,"gabriel: lgbt community get behind me

lgbt community: gabriel wait

*GUNSHOT*

lgbt community: finally this bitch is dead"
1343577601235800070,1,1,0,"Breaking gender wall
à¸—à¸³à¸¥à¸²à¸¢à¸à¸³à¹à¸à¸‡à¸—à¸²à¸‡à¹€à¸à¸¨

Shot byğŸ“¸ ig:
22.films (first pic)
icegobb_ (second pic) https://t.co/4R1opBYboB"
1343577446038310914,1,1,0,Rudy Gay is the guy that takes the tough shots at the end of the shot clock that no one else want to take. Take it for what it is
1343577140202237953,1,1,0,"// Lesbian fetishization // lesbophobia // Ted bundy // abuse ment
-
Iâ€™m so tired of straight girls trying to invalidate actual issues surrounding lesbians in media/srs https://t.co/wpPkbT7cEJ"
1343576522586787840,1,1,0,N/A
1343576046239690754,1,1,0,"Playing Call of Duty: Cold War w/ Angel, where you can choose your gender, including non-binary.

In one cut scene, you interact with the president. Angel turns to me and says â€œThe most unrealistic part of this entire game is that Ronald Reagan respects your pronouns.â€ ğŸ˜‚ https://t.co/SeofByEQz9"
1343575711437762560,1,1,0,"tankies be like 'i can excuse colonialism, the reinvention of the class system, police brutality, homophobia, racism, antisemitism, genocides,"
1343574488269660160,1,1,0,"A trans woman seeking asylum has been held in a menâ€™s detention facility for almost a year, suffering horrific abuse from both inmates and guards. @JoeBiden, you campaigned on LGBTQ equality. What are going to do to free trans people from these facilities? https://t.co/vogx9sGkv3"
1343573529179123712,1,1,0,"Some people here ehn. I keep wondering how miserable your life is that it's only gender war they always see you. I used to think it was just bants but, it's obvious some of you are just living a miserable life &amp; you need that negative energy to feel alive. God will heal y'all."
1343572820765323275,1,1,0,Peak gay today: gym joined and now watching the 70â€™s Murder on the Orient Express.
1343572576971476992,1,1,0,"LGBTQ blood saves lives. Federal blood donation policies must be based in science rather than stigma.
https://t.co/vxr90qSJZ9"
1343572161106239489,1,1,0,"The Trump administration's new asylum policy is heartless &amp; cruel. If enacted, the U.S. will deport thousands of LGBTQ and HIV-positive refugees back to persecution, torture, &amp; death. https://t.co/DDLVXcao6X"
1343571920382550017,1,1,0,N/A
1343570611197661186,1,1,0,"Kinda crazy I watched Californication like 2 years ago and loved it but this time around I canâ€™t really shake the misogyny, homophobia, and INTENSE glorification of substance abuse. Blech."
1343570315931222017,1,1,0,N/A
1343569448125394949,1,1,0,"I'm no longer calling it ""Coronavirus"" or ""Covid-19"", it's now the ""Oogley Boogley"" and it's coming to get us and cause us to attack one another more just like race, gender and global warming...."
1343569341233696768,1,1,0,N/A
1343569267573350400,1,1,0,N/A
1343569100858126336,1,1,0,young queer kids don't know that coming up to the 1980s being quuer was starting to be more accepted but then the aids epidemic happened and destroyed so much. It's sad and I wish there was a way to teach them more about the true history of the group they're a part of.
1343568908737945601,1,1,0,"Gender conversion 'therapy' made me suicidal. I fear for other young Nigerians via @guardian

https://t.co/PBEIQPxQsw

#Africa #Nigeria #FGM #women #health #children  #femicide #violence #domesticviolence #sexualassault #CallItFemicide #CestunfÃ©micide"
1343568616382476290,1,1,0,"Since yâ€™all know it all how can I trust men after being misguided, not considered for, abused mentally and physically and raped by your gender. On different occasions by different people. How do I open myself up to NOT hating the male gender."
1343568544156549131,1,1,0,old gays react to the video of fran lebowitz saying that if they had been smart or talented they would have died of AIDS
1343567031497498627,1,1,0,N/A
1343564987374198784,1,1,2,N/A
1343564775880617990,1,1,0,"So whilst everyone is focusing on the #LGBT angle (which would be nice to see developed) in #RevoltingRhymes, why is no-one mentioning how red killed multiple characters without charge &amp; lived happily ever after, if this isn't #whiteprivilege I don't know what is. ğŸ˜‚ ğŸ¤£ ğŸ˜‚ https://t.co/Gy8tk5RlQU"
1343564743873867781,1,1,0,N/A
1343564584268029953,1,1,0,"When you're trying to catalogue Open Grave starring #SharlitoCopley and the barcode scans as a lesbian horror Dead Dont Die in Dallas.

#physicalmedia
#physicalmediaproblems
#barcode https://t.co/f4Zaudjqwa"
1343562319721357315,1,1,0,N/A
1343561950605668352,1,1,0,It still feels weird knowing that kill la kill and ttgl are partly responsible for me finding out im transgender
1343560877216325632,1,1,0,"Bev said I be doing gay face in my pictures. Itâ€™s where I basically look into the camera with dead eyes. Bro at this point, I canâ€™t even disagree"
1343560501217947649,1,1,0,"I know I'm late to the game on this, but I never thought of Top Gun as a gay movie until today while listening to @PodDamnAmerica and I can't believe I missed that all this time."
1343559971636727808,1,1,0,Lesbian couple:fatal accident with adopted kids 'committed murder-suicide' https://t.co/aq5IujITTs
1343559230150889478,1,1,0,N/A
1343556273221079041,1,1,1,N/A
1343554745936568320,1,1,0,N/A
1343554035127762949,1,1,0,Canâ€™t wait to get my blood soaked stimulus check so I can turn it into gay body art
1343553307466477572,1,1,0,"This is all @UN_Women  know... Virtue signalling for the safe â€˜fashionableâ€™ parts of feminism whilst refusing to tackle the most pressing patriarchal assault on our rights.

Come back to us when you call out the biological males trying to usurp WomenğŸ¤¯ğŸ¤¬.
https://t.co/DNaTouXB5r"
1343553108211855360,1,1,0,"""All understanding begins with our not accepting the world as it appears."" â€• Susan Sontag (died this day, December 28, 2004) #Gender #enterprise #leadership https://t.co/6P8TSldZEu"
1343552890963709953,1,1,2,More than one person thought I was having a gender reveal yesterday.... I want yâ€™all to go to hell ğŸ˜­
1343552628345745409,1,1,0,"If you always want to turn everything into a gender war, please let me know so that I can block you"
1343551370591424513,1,1,0,"ICYMI, last Friday we published our brand new Winter Issue 20/21 (No.25) with some fascinating articles on #PCVE, #deradicalization, #counternarratives, #xrw #terrorism, #ISIS #gender roles, and #missiology. Here is a quick rundown (full issue: https://t.co/WUvxmgQrb0). https://t.co/cb6JP0yROC"
1343549996667289601,1,1,0,"rt + like to be in a gcğŸ‡

â˜† 13 - 16
â˜† any gender
â˜† crackheads
â˜† let's all be friends !
â˜† don't let the gc die

i need more besties ğŸ˜›âœŒğŸ»"
1343549825690853381,1,1,0,N/A
1343549512921526274,1,1,0,"The #JusticeForDonDavis case is so disgusting to say the least. Also, the efforts expended by the school and the Akwa Ibom State government to sweep it under the carpet is another pointer to our attitude to sexual abuse irrespective of the gender of the survivor."
1343546141053485058,1,1,0,N/A
1343545840179281921,1,1,0,"Some Negative effects from child sexual abuse:
1) Guilt/Shame
2) Gender Confusion
3) Low self-esteem/self-worth
4) A learned destructive coping mechanism.
5) Multiple partners in sex
6) Likelihood of molesting/abusing someone else.

Free Protection!  https://t.co/4wQ3pdT1cd"
1343544982024679424,1,1,0,"This day in LGBTQ+ history, gay icon, Debbie Reynolds, died of a stroke in 2016.

She was known for iconic roles in The Unsinkable Molly Brown, Singin' in the Rain, &amp; Will &amp; Grace earning her a loyal fan base, including many gay men.

#letstalkaboutgaystuff #debbiereynolds #dec28 https://t.co/f9sDlSGmkC"
1343543063197741056,1,1,0,N/A
1343542755335811072,1,1,0,"If youâ€™re struggling, youâ€™re never alone:

ğŸ“Samaritans 116 123

ğŸ“Calm 0800 58 58 58

ğŸ“Hopeline UK 0800 068 4141

ğŸ“Switchboard LGBT Helpline 0300 330 0630

ğŸ“Domestic Abuse Helpline 0808 2000 247

ğŸ“SANE 0300 304 7000"
1343542450002997251,1,1,0,"Abuse can happen in any relationship.
WORTH support all victims of domestic abuse, talk to us, 0330 222 8181
@GalopUK #LGBT+ Helpline 0800 999 5428
@RefugeCharity 24-hour Helpline 0808 2000 247
In an emergency call 999
https://t.co/qJ9VPc1L4H https://t.co/iQVn3Gxmzw"
1343541905821458432,1,1,1,"I will never envy what women must go through. The abuse they receive for their gender. The monthly scrambling of their hormones because of the magic of their ability to create life.

Life is hard enough with a fight it or fuck it brain, let alone a monthly tide of feels. https://t.co/fT3MCWj652"
1343541648513511424,1,1,0,"A 60+ year old white male has access to enough bombpower to destroy 100s of livelyhoods and put 6 peace officers in danger in a city hit by a tornado March 3rd, yet no one has access to health Care (forget insurance) regardless of gender in the USA, PP, and Washington DC?"
1343539768328675331,1,1,0,"""When people die, we have a responsibility to remember who they actually were, not a sanitised and false version that is palatable to some."" His life was a beacon. Politically and professionally, he lead where others followed.
https://t.co/mpINI0iu5M"
1343539646064701441,1,1,0,These gay photographers that sleep with half the people they shoot kinda weird
1343539555627118592,1,1,1,"This reminds me of another one bites the dust by queen. Dude, gay lgbtq anarchists =. Mass murderers by disease, misinformation, terrorism, hacking etc as opposed to Alan Turing gay cops etc"
1343536763848024064,1,1,0,"A man was arrested by Pakistan's police, who is the part of the gang that raped, tortured and beat a transgender women.
The investigation began after the video footage of the  assault went viral. @PeterTatchell @RealTayChaTLC
https://t.co/ZCMN4Z0kwJ"
1343533158055235585,1,1,0,tl is dead larry do smth gay
1343530889167347713,1,1,0,"Thanks to @UNCERF funds, @FAO is creating awareness on gender-based violence &amp; Prevention of Sexual Exploitation &amp; Abuse in Rwanda.
Read more &amp; #InvestInHumanity
https://t.co/HDBcNiytJF

w/ @FAOemergencies &amp; @FAORwanda https://t.co/4K899K5Jl5"
1343528780481093632,1,1,0,Blood donor gays will be able to donate with fewer requirements in the UK https://t.co/dXhnjY0o4o
1343528664961572865,1,1,0,"MY TWO ""DADDIES"" / ""MUMMIES"" - WELCOME TO 2021/2030

For modern liberals, they are an important step in normalizing different kinds of families. But for others, childrenâ€™s books depicting gay parents are an attack on traditional values. Thatâ€™s the debate now playing out in Latvia"
1343526753940205568,1,1,1,new album homosexual rage against the machine dead monster inc theme rats everywhere you look i red he ate his poop OH MY GOD WHAT IS WRONG WITH YOU GUYS I JUST SAW FANART OF ME SUCKING MATT'S DICK
1343525267910881282,1,1,0,"In Botswana, about 70% of women have experienced some form of physical or sexual abuse. Judicial organs want to change that. https://t.co/xrjz7Gxk5J https://t.co/PTfY6Fygwk"
1343525199124291584,1,1,0,"School-related gender-based violence (SRGBV) involves sexual, physical, mental and psychological abuse in and around school.
Sexual harassment within school premises could hinder the future growth &amp; opportunity of students especially, female students.
https://t.co/LexzYzvs7j https://t.co/Cr2ueiOinB"
1343524476399591426,1,1,0,N/A
1343523601958506496,1,1,0,"President of Pakistan has amended the section 375 on proposal of me and my friend Barrister @Rafique003.Now rape of male and transgender would be penalized under section 375. Unfortunately, President has not encouraged the contributor by Appreciation Certificate. @SalAhmedPK https://t.co/bpBRqVIAG6"
1343521734742441986,1,1,0,"the attacks on LGBT+ ppl &amp; the emergence of ""LGBT-free zones"" in Poland really hit home.Seeing participants at a Pride march in the city of #BiaÅ‚ystok being attacked with stones,bottles &amp; Sticks by nationalists groups simply broke my heart.
What ever happened solidarity Movement?"
1343518742496632833,1,1,0,All beautiful dead gay sons are usually named Mingus
1343518349339353088,1,1,2,N/A
1343517370116165634,1,1,0,"tw / mental abuse ??

am i actually gay or was i just a lil traumatised from a mentally abusive ex girlfriend? find out in next weeks crisis!"
1343514844113358848,1,1,0,"Adoration Destroyed-Voices Carry ('Til Tuesday Cover) https://t.co/z9pVZgSxLT via @YouTube I Like the name of his band, it would make a great title for a poem and subject matter. They have also changed the gender from he to she in the song."
1343514720125521920,1,1,0,"'She definitely saved lives': Peace laureate and Dignity San Antonio co-founder Nickie Valdez leaves a strong legacy after working all her life for gay rights and social justice. Valdez, 80, died Christmas Day after a long illness. @ExpressNews @DignityUSA https://t.co/ZAUdrn1unt"
1343514054262972417,1,1,0,"The day we actually achieve anything &amp; support the just, instead of starting a gender war would be a bliss to witness!"
1343513394117279746,1,1,0,N/A
1343512366739316739,1,1,0,"1. Sweet flowerets of the martyr band,
So early plucked by cruel hand;
Like rosebuds by a tempest torn,
As breaks the light of summer morn.

2. First victims offered for the Lord,
Ye little knew your high reward,
As, at the very altar, gay
With palms and crowns ye seemed to play."
1343510899139735552,1,1,0,Iâ€™m so gay but I can be straight for Tiger the minute he ask me. Heâ€™s so handsome and talented. I wanna learn the chorus choreography ! #War #Bollywood https://t.co/rSVBK3rQ88
1343510379608072195,1,1,0,"Gender based violence won't end, because of revenge, lies, hypocrisy and double standards, but it will end when we speak the truth always, doing what is right and the law doing what is right without fear or favor.
@awdf01 https://t.co/ohHJvFybOi"
1343510266336710657,1,1,0,"When this happened some feminists were making jokes about how lesbian relationships are not too different from heterosexual relationships and yâ€™all were kikiing

Women are talking about abuse at the hands of other women and youâ€™re laughing

Nice oneeee"
1343509518991421442,1,1,0,The next 'world war' will be a gender war.
1343507627188187137,1,1,0,"just a reminder that you should never invalidate someone's pronouns and or gender. if ur confused, ask them nicely and i'm sure they'll gladly educate you on pronouns and gender. please DO NOT invalidate people or attack their gender identity, sexuality and pronouns."
1343506835110830081,1,1,0,"Yâ€™all were here when multiple people came on here to talk about the abuse they went through with this babe and yâ€™all moved pasted it because itâ€™s lesbian drama.

A queer site is out here promoting her music and sheâ€™ll move on to other things, love that a lot

Give her more access"
1343503083305766912,1,1,0,N/A
1343502146755571712,1,1,0,"Conspiracy! featuring (the real) Jon Ronson (and many others). From the maker of Family (praised by @dukope)

An uproarious detective game of  gay frogs, dead geese, Ecuadorian voting machines and much more.

Would love to give @charltonbrooker an early copy. DM if interested."
1343501949375811584,1,1,0,"Sending my support and solidarity to @DrDeclanK, one of the most important and influential gender and sexuality scholars for me, who is receiving transphobic and ableist abuse on Twitter. I truly grateful for Declanâ€™s work, always revealing something profound about our identities"
1343501571901026305,1,1,0,"Also sad that many people will focus more on the nature of the act and not the crime itself.

Sexual violence is sexual violence, regardless of the nature. On no condition should the abuse of a boy be used to excuse homophobia."
1343499730492407810,1,1,0,The bombing in Nashville was actually a missile launched by Hillary Clinton to destroy a building that contained evidence that Biden stole the election to help Obama take over the U.S. and turn Republicans into Transgender Antifa members.
1343499502104285185,1,1,0,"Issues with certain, modern LGBTQ+ organizations and why so many people have concerns: Any group supporting this isâ€”interesting. #LGBT #LGBTQ #cdnpoli #cdnmedia

John Hein @dunedinbear LGBTQ+ activist and PIE member #194 died Dec. 23, 2020. A thread.
https://t.co/SiuJ2VRXQh"
1343497713325924353,1,1,0,N/A
1343496985370906624,1,1,0,N/A
1343496983105986562,1,1,0,"Do you wince when you see a boy wearing a dress?

Do you get outraged when people use gender neutral pronouns?

Do you feel personally victimised when someone damages a statue of a dead racist?

Then please find a therapist to help you deal with being such a sensitive snowflake."
1343496916642967552,1,1,0,"Economic empowerment of women a weapon in the war against gender-based violence.

Read more on page 20 of PSM Magazine: https://t.co/cvZqEWufn1

#PSMMag
#PublicSectorManager
#GenderBasedViolence
#GBV
#womenempowerment
#EconomicRecoveryPlan

@GovernmentZA
@DWYPD_ZA https://t.co/IXeECwfZfh"
1343495671635202048,1,1,0,An alternate history where Hitler was gay but he still killed all those people would be woefully incomplete without Dancing carefree in white linen pants .
1343495291815792640,1,1,0,"#DidYouKnow The Domestic Violence (Prevention &amp; Protection) Act 2013 protects women &amp; other vulnerable persons from all acts of gender-based, physical &amp; psychological abuse by their household members? #KnowYourRights #Standup4HumanRights @EUPakistan @SyedaShehlaRaza @Veerji_Kolhi https://t.co/DJD9EXiCyB"
1343494189099732992,1,1,0,"Why is it, in the era when Amazon knows what Iâ€™ve been thinking and Facebook remembers my dead catâ€™s birthday 12 years on... @Pornhub canâ€™t remember that Iâ€™m gay?"
1343493449316786177,1,1,0,N/A
1343493425010790403,1,1,0,Transgender girl abuse; Try to protect the culprit! Mother trying to set fire withÂ daughter https://t.co/KqCl3YM062
1343492458919817216,1,1,0,I fr got called gay cause I think Iâ€™m a prize Iâ€™m dead cryin I ainâ€™t know that was supposed to be an insult https://t.co/tPCwzByBwk
1343491285529800704,1,1,0,"The gender wage gap myth is a more significant threat to Europe and North America than nuclear war, mineral resource exhaustion, or food insecurity, writes Bari Weiss for Spectator magazine #freethinking"
1343490609798144002,1,1,0,"Hey  @SamSeder @AnaKasparian @BenjaminPDixon @johniadarola

You have some powerful people that listen to your shows. The FDA's homophobic rule about gay men having to wait to give blood is still in place

Make some good trouble?

https://t.co/FLwzxniIM5"
1343490316498857987,1,1,0,N/A
1343490087925923845,1,1,0,lying in bed mid gender crisis and looking at the â€œdaughterâ€ wooden butterfly quote decoration my parents got me for christmas while mumbling â€œmy daddyâ€™s got a gunâ€ over and over
1343487320943693826,1,1,0,N/A
1343482874436194304,1,1,0,"Those old pesky gender divisions are crumbling all around - and it's not to everyone's liking!
#GirlScouts #BoyScouts #gender #Manhattan #Federal #lawsuits
https://t.co/vM2hYbpBdc"
1343482049164943361,1,1,2,N/A
1343481207976288257,1,1,0,N/A
1343479125793787904,1,1,0,"1.Gender-based violence (GBV) is violence that is directed at an individual based on his or her biological sex OR gender identity. It includes physical, sexual, verbal, emotional, and psychological abuse, threats, coercion, and economic or educational deprivation,"
1343475336659537920,1,1,0,UK: Court orders gay asylum seeker who fled to Britain after family threatened to kill him to return to Algeria https://t.co/yYPZAvXfbN
1343474769606438912,1,1,1,Couple of gay studs talk black guy into gay threesome and abuse hisÂ butthole https://t.co/Yjq71mEepX
1343473591233388546,1,1,1,Thinking bout hoe i cant draw wuxian good but can draw fengxi okay and it makes me look like shit bc I am not a nromal gay with catboy fave i am daddy issues gay and my inability to draw wuxian as drop dead gorgeous is the one character flaw i will never forgive
1343473011043790850,1,1,1,N/A
1343472331587547136,1,1,0,"A world at war, a woman in conflict, who will win her heart? Richard? Lizzie? Or that Lady dressed in blue?
https://t.co/GgXLLKqVTZ
@ persimew #lesfic #LGBT WW2 action adventure romance https://t.co/3RLdf6vXlG"
1343470396113350658,1,1,2,"World could be a better and a peaceful place without black people, we kill each other, we rape we Rob we do all evil stuff to one another! 99% of gender based violence occur among black community. What's wrong with us?"
1343468928937328641,1,1,0,N/A
1343468911942135809,1,1,0,N/A
1343467065815035904,1,1,1,How could I like just come to terms 100% w my sexuality just for my gender identity to say hiyeeeee and fucking destroy me
1343466955626455041,1,1,0,"Are you experiencing violence in your home? Help is available:

https://t.co/ltWckMaFwi https://t.co/Xx0UKIVCKr"
1343466907098361856,1,1,0,"Domestic abuse isnâ€™t defined by gender, age, sexuality or ethnicity. Help is available from us &amp; @RefugeCharity Speak out, seek help &amp; the future could look very different. Read Sarahâ€™s inspiring story to see how there can be light at the end of the tunnel:https://t.co/ffxaiNfS8X https://t.co/PUQdbD6qgQ"
1343465591760306179,1,1,2,"If you say ""boba gay"" unironically. I will legitimately fuck your Dad in the ass. Idc if he's dead and I have to buy a shovel from @HomeDepot and dig 'em up. Idc if he works at @HomeDepot and have I'll fuck 'em on the job no homo."
1343463952768897024,1,1,0,i just know callieâ€™s not going to die yet because im waiting for lesbian wedding
1343463653346078722,1,1,0,"Guys are also VICTIMS of rape, but cos of the ideology n mentality the society has about the male gender...he can't speak out to prevent shame n stigmatization.ğŸ­
So when fighting against rape, fight for both genders pls...ğŸ™"
1343463129615888384,1,1,0,N/A
1343462864548364290,1,1,0,N/A
1343461999527641088,1,1,0,i wanted super short hair but my mum would kill me so now my hair is at shoulder length and im looking Very Bisexual
1343461661949259776,1,1,0,"against a person because of their gender.Both women and men experience Gender Based Violence but the majority of victims are women and girls.
Some causes of GBV includes:
* Harmful Gender Norms
* War and Conflicts
* Lack of women
#YSMANG
@UNFPANigeria
@Eva_Nigeria
@Itz_NaomiJ"
1343461295299944450,1,1,1,is getting an erection gay i mean ur dick is full of a man's blood
1343461155600269313,1,1,2,N/A
1343459731470491655,1,1,0,N/A
1343456875464056832,1,1,1,killing eve really just depicted the shit out of gay yearning huh
1343456782841044992,1,1,0,N/A
1343456554826178560,1,1,0,"reading about gay actors

The gay actor william haines in 1926 was told to leave his partner jimmie shields and marry a woman or lose his job at mgm and he refused

they were together 47 years until his death, after which jimmie killed himself because he couldn't live without him"
1343455432522625024,1,1,0,i think there should be more stories about gay people coming back from the dead
1343454982318796800,1,1,0,"War on gender-based violence not for police alone, play part&gt;&gt;&gt;https://t.co/PUdtV4gmWO https://t.co/y7W3YKzDHs"
1343454840358223872,1,1,2,"If you're animesexual, get out. Burn your bodypillow. The FICTIONAL CHARACTERS that you have a crush on would probably kill you or they're gay/straight. Go eat grass or something"
1343454141054558208,1,1,1,N/A
1343453576945799168,1,1,0,"cw // death

Zoyer Zandel, an incredible activist for the transgender community here in the central valley, died suddenly and unexpectedly last night. If you have a second, please consider sharing this gofundme for his funeral expenses! https://t.co/l7KtpcU78Z"
1343453006503813120,1,1,0,My lil brother gay but died 'cause a ğŸ‘©
1343451223249186817,1,1,0,Disappointed dead poets society wasnâ€™t gay
1343450573027291137,1,1,0,ğŸ“· m-a-n-i-a-c-h-a-e-l: briarin: Youâ€™re not gay unless you do this shot This is all Iâ€™m drinking from now on https://t.co/SglHZW3RZq
1343450561933320193,1,1,0,"#ç§ã®æ¨ã—ã¯æ‚ªå½¹ä»¤å¬¢

i thought this was about a lesbian pursuing the woman she loves but turn out it was about a mad lesbian scientist going feral bcs her gf about to die"
1343450541398102016,1,1,0,N/A
1343448886011113472,1,1,0,N/A
1343448080490889217,1,1,0,N/A
1343447763674136578,1,1,0,N/A
1343447070418546688,1,1,0,"As a gay man, I find myself very okay with aging. I drink water, minimize toxic stress on the body, workout everyday, get adequate blood flow to my extremities, moisturize, sleep as much as I can, and try to cackle with my roommate on the daily. I look in the mirror &amp; I'm happy!"
1343445439610302464,1,1,0,*at a funeral for an AIDS victim* he died of being gay
1343445356353380352,1,1,0,"This gender war totally annoys me on this app. For most of the day itâ€™s comparisons upon comparisons. Even when serious issues are raised, the first thing is people looking for gender indicators. ğŸ¤¦â€â™‚ï¸"
1343445331271282688,1,1,0,"#Metooindia #RatanTata #AskDhruvRathee #CongressFoundationDay

Shameful...A 75 old woman lodged a false gangrape case.....

Shameful misuse of rape laws in India ...why only Gender biased laws are made in India. Everywhere else rape is a gender neutral crime https://t.co/PfO9YA7SiL"
1343444850428026880,1,1,0,N/A
1343444631191740417,1,1,0,N/A
1343444379680309248,1,1,0,N/A
1343443241610448897,1,1,0,"Parents teach your sons. Teach them about sex. Tell them rape is evil. Teach them to protect the female gender.

Some boys don't even know rape is evil. They don't even know what rape is. Some think it's a show of strength and superiority.

So teach them morality of life."
1343442408055431170,1,1,0,N/A
1343441900037140481,1,1,0,"im reading the song of achilles finally and patroclus said exiled boys is it gay to find achilles beautiful? alternatively, i am terrified he will die in his sleep."
1376761177670262792,1,1,0,"It seems like this whole generation is gay these days ğŸ™„

Ok, it seems like suddenly all boomers and gen x now a days have medical conditions that make them die if they touch a mask whatâ€™s that about huh"
1376760594813100035,1,1,0,"#Uzbekistan police blame victim in violent attack on pro-LGBT activist - @eurasianet looks at the culture war that turned violent in Tashkent
https://t.co/dTh9OYWHxM"
1376760559023095809,1,1,0,"i can not wait to be extra when God blesses me with my first childğŸ¥º like ya'll are killing me with these gender reveals, baby showers, &amp; baby pics.."
